,SeedGeneList,ModuleGenes,SeedGene,p-value,AlgorithmUsed,module ID,Num of SeedGenes,Num of Genes in Module
12,['IL2RA'],"['CD2', 'SFRP1', 'CCNA1', 'CD4', 'HGS', 'KITLG', 'ICOS', 'FKBP2', 'CTLA4', 'KLK8', 'IL15', 'SCRT1', 'IL2RA', 'ICOSLG', 'RBM17', 'LEP', 'SCGB1A1', 'BNIP3L', 'C5', 'SNTA1', 'PASK', 'CD83', 'CD80', 'CR2', 'ATL2', 'CD69', 'FRZB', 'BTLA', 'C4A', 'SLC35B2', 'CD28']",IL2RA,0.00047916602401110175,mcU,22,1,5
8,['NFKB1'],"['PPP4C', 'SRF', 'GSK3B', 'HDAC5', 'IKBKG', 'HMGA2', 'VCP', 'NFKBIB', 'NFKB1', 'PELP1', 'COMMD1', 'UNC5CL', 'NR3C1', 'PLD3', 'BCL3', 'STAT5A', 'POLR2A', 'HSPA4', 'TP63', 'DPF2', 'NR4A1', 'LYL1', 'COPB2', 'IRF8', 'BIRC3', 'FBXW11', 'ITGB3BP', 'TBK1', 'NOTCH1', 'REL', 'MXD3', 'NCOA1', 'NFKBIZ', 'PPARG', 'TNIP1', 'ANXA4']",NFKB1,0.004262574595056412,mcI,2,1,5
3,['TYK2'],"['CBL', 'IL6ST', 'XRCC5', 'TYK2', 'JAK1', 'JAK3', 'SOCS1', 'ELP2', 'CRKL', 'VAV1', 'STAM2', 'PTPN1', 'PLAUR', 'LYN', 'IFNAR1', 'STAT1', 'IRS2']",TYK2,0.0048465897987111095,mcI,3,1,4
1,['RNF186'],"['BNIP1', 'RNF186', 'UBE2H', 'UBE2D2']",RNF186,0.0008720519193312626,mcU,25,1,6
114,['OR5B21'],"['OR11H1', 'OR4F17', 'VTI1B', 'FLRT1', 'NPC1', 'GPBAR1', 'OR6Y1', 'OR6C6', 'SYT11', 'OR4C16', 'OR5H2', 'OR51E2', 'ARVCF', 'SLC37A1', 'CH25H', 'WNT6', 'OR52N1', 'OR6V1', 'OR4X2', 'OR5B2', 'BRS3', 'OR10H1', 'OR10A7', 'OR6C68', 'OR4F6', 'OR10G8', 'OR4M2', 'OR6X1', 'GPR137B', 'ERGIC3', 'GJC2', 'OR5K2', 'OR6N2', 'OR52I2', 'GPR174', 'RTN4', 'OR1L8', 'OR51L1', 'OR6C4', 'RTN3', 'OR4K13', 'ACKR3', 'OR3A1', 'OR10H5', 'OR51Q1', 'OR9G1', 'ATPIF1', 'KTI12', 'OR51B4', 'SELENOK', 'OR4P4', 'ADCYAP1R1', 'KCNJ4', 'OR10A3', 'OR5K4', 'NPFFR1', 'PROKR2', 'YIF1B', 'OR10Z1', 'CANX', 'OR51D1', 'SLC6A7', 'OR51G1', 'TAS2R8', 'OR10T2', 'OR52A5', 'OR8B3', 'OR6C74', 'OR8U9', 'OSTC', 'SLC45A4', 'OR10V1', 'SLC8A2', 'OR3A3', 'OR14I1', 'POTEE', 'OR10G3', 'HLA-A', 'SLC9A7', 'P2RY10', 'OR12D3', 'OR4D11', 'OR4F4', 'OR6C2', 'PDE6G', 'OXER1', 'OR10J1', 'TAAR6', 'OR51B5', 'OR5A2', 'VN1R1', 'TMEM161A', 'OR11H4', 'OR10R2', 'MVK', 'TRHR', 'OR13G1', 'GPR150', 'OR5B3', 'OR11H6', 'OR5C1', 'OR4A4P', 'SLC31A2', 'OR13F1', 'ATP2C1', 'ADGRF5', 'OR11A1', 'OR5AS1', 'OR5H1', 'OR11G2', 'ADGRB1', 'OR4S1', 'OR10P1', 'NPY4R', 'OR5B21', 'FTH1', 'SYNGR2', 'MRGPRD', 'PTGER1', 'SDHD', 'OR4K2', 'OR8H1', 'OR5T3', 'GPR146', 'OR1J1', 'SCARB1', 'OR6C70', 'TAS2R9', 'OR14A16', 'PPP1R3F', 'OR6F1', 'OR2A25', 'OR5K3', 'OR2M7', 'OR2L2', 'TMEM94', 'ABHD14A', 'OR10K1', 'OR2L13', 'TSPAN7', 'AVPR2', 'GPR35', 'OR2G2', 'APH1A', 'TBXA2R', 'GPR161', 'OR4X1', 'CAPN10', 'OR13C8', 'OR4C3', 'OR2AG1', 'OR8G1', 'GPR15', 'PLXDC1', 'S1PR1', 'OR5P3', 'GPER1', 'OR1S1', 'OR4K14', 'OR10S1', 'S1PR5', 'SLC2A1', 'ZDHHC3', 'OR2H1', 'GPR4', 'B4GALT2', 'OR4L1', 'OR5D13', 'OR1N1', 'OR52N2', 'OR6B2', 'OR7C1', 'OR7A10', 'AIG1', 'OR52A4P', 'OR6C1', 'OR4C13', 'OR2V2', 'OR4N2', 'GPR17', 'ADRA2C', 'OR5H6', 'OR4N5', 'GPR27', 'OR4F3', 'OR51G2', 'B3GAT3', 'VPS25', 'ZFAND1', 'LSS', 'CMTM3', 'THOP1', 'OR10Q1', 'OR7E24', 'OR51S1', 'GPR52', 'OR9Q1', 'OR1D5', 'OPN1SW', 'OR6K6', 'OR7D4', 'PROKR1', 'TAS2R60', 'OR5AP2', 'OPN5', 'CALCRL', 'OXGR1', 'OR5D16', 'OR4D9', 'OR2M3', 'MSMO1', 'SLC15A4', 'OR13A1', 'OR13C4', 'GPR18', 'OR4C6', 'OR5T2', 'KDELR1', 'OR9G4', 'OR2W3', 'SLC37A4', 'GNRHR', 'TAS2R10', 'OR52H1', 'OR2AT4', 'OR5F1', 'MCOLN1', 'OR6B1', 'CRHR2', 'FFAR1', 'CD81', 'OR2D2', 'OR56A1', 'RHO', 'GHITM', 'PLLP', 'OR2T3']",OR5B21,0.0040597120241451234,mcU,5,1,6
141,['GPR35'],"['OR11H1', 'OR4F17', 'VTI1B', 'FLRT1', 'NPC1', 'GPBAR1', 'OR6Y1', 'OR6C6', 'SYT11', 'OR4C16', 'OR5H2', 'OR51E2', 'ARVCF', 'SLC37A1', 'CH25H', 'WNT6', 'OR52N1', 'OR6V1', 'OR4X2', 'OR5B2', 'BRS3', 'OR10H1', 'OR10A7', 'OR6C68', 'OR4F6', 'OR10G8', 'OR4M2', 'OR6X1', 'GPR137B', 'ERGIC3', 'GJC2', 'OR5K2', 'OR6N2', 'OR52I2', 'GPR174', 'RTN4', 'OR1L8', 'OR51L1', 'OR6C4', 'RTN3', 'OR4K13', 'ACKR3', 'OR3A1', 'OR10H5', 'OR51Q1', 'OR9G1', 'ATPIF1', 'KTI12', 'OR51B4', 'SELENOK', 'OR4P4', 'ADCYAP1R1', 'KCNJ4', 'OR10A3', 'OR5K4', 'NPFFR1', 'PROKR2', 'YIF1B', 'OR10Z1', 'CANX', 'OR51D1', 'SLC6A7', 'OR51G1', 'TAS2R8', 'OR10T2', 'OR52A5', 'OR8B3', 'OR6C74', 'OR8U9', 'OSTC', 'SLC45A4', 'OR10V1', 'SLC8A2', 'OR3A3', 'OR14I1', 'POTEE', 'OR10G3', 'HLA-A', 'SLC9A7', 'P2RY10', 'OR12D3', 'OR4D11', 'OR4F4', 'OR6C2', 'PDE6G', 'OXER1', 'OR10J1', 'TAAR6', 'OR51B5', 'OR5A2', 'VN1R1', 'TMEM161A', 'OR11H4', 'OR10R2', 'MVK', 'TRHR', 'OR13G1', 'GPR150', 'OR5B3', 'OR11H6', 'OR5C1', 'OR4A4P', 'SLC31A2', 'OR13F1', 'ATP2C1', 'ADGRF5', 'OR11A1', 'OR5AS1', 'OR5H1', 'OR11G2', 'ADGRB1', 'OR4S1', 'OR10P1', 'NPY4R', 'OR5B21', 'FTH1', 'SYNGR2', 'MRGPRD', 'PTGER1', 'SDHD', 'OR4K2', 'OR8H1', 'OR5T3', 'GPR146', 'OR1J1', 'SCARB1', 'OR6C70', 'TAS2R9', 'OR14A16', 'PPP1R3F', 'OR6F1', 'OR2A25', 'OR5K3', 'OR2M7', 'OR2L2', 'TMEM94', 'ABHD14A', 'OR10K1', 'OR2L13', 'TSPAN7', 'AVPR2', 'GPR35', 'OR2G2', 'APH1A', 'TBXA2R', 'GPR161', 'OR4X1', 'CAPN10', 'OR13C8', 'OR4C3', 'OR2AG1', 'OR8G1', 'GPR15', 'PLXDC1', 'S1PR1', 'OR5P3', 'GPER1', 'OR1S1', 'OR4K14', 'OR10S1', 'S1PR5', 'SLC2A1', 'ZDHHC3', 'OR2H1', 'GPR4', 'B4GALT2', 'OR4L1', 'OR5D13', 'OR1N1', 'OR52N2', 'OR6B2', 'OR7C1', 'OR7A10', 'AIG1', 'OR52A4P', 'OR6C1', 'OR4C13', 'OR2V2', 'OR4N2', 'GPR17', 'ADRA2C', 'OR5H6', 'OR4N5', 'GPR27', 'OR4F3', 'OR51G2', 'B3GAT3', 'VPS25', 'ZFAND1', 'LSS', 'CMTM3', 'THOP1', 'OR10Q1', 'OR7E24', 'OR51S1', 'GPR52', 'OR9Q1', 'OR1D5', 'OPN1SW', 'OR6K6', 'OR7D4', 'PROKR1', 'TAS2R60', 'OR5AP2', 'OPN5', 'CALCRL', 'OXGR1', 'OR5D16', 'OR4D9', 'OR2M3', 'MSMO1', 'SLC15A4', 'OR13A1', 'OR13C4', 'GPR18', 'OR4C6', 'OR5T2', 'KDELR1', 'OR9G4', 'OR2W3', 'SLC37A4', 'GNRHR', 'TAS2R10', 'OR52H1', 'OR2AT4', 'OR5F1', 'MCOLN1', 'OR6B1', 'CRHR2', 'FFAR1', 'CD81', 'OR2D2', 'OR56A1', 'RHO', 'GHITM', 'PLLP', 'OR2T3']",GPR35,0.002728881557887086,mcU,5,1,5
711,['NFKB1'],"['PFKL', 'NR3C2', 'ACTG1', 'IL9', 'RPL18', 'TUBAL3', 'CD74', 'MRE11', 'HLA-DOA', 'IKBKG', 'ACTR8', 'MCCC1', 'F11R', 'PADI3', 'SNW1', 'TUBB6', 'CCL19', 'EHD1', 'TAL1', 'RNF25', 'FOXP3', 'BCL7A', 'NFKBIB', 'GIMAP5', 'HMOX1', 'PRSS1', 'CCAR1', 'EPRS', 'HOXC8', 'ATP5A1', 'CARD6', 'HCFC1', 'EEF1A1', 'POLR2A', 'TEK', 'FST', 'JUND', 'FASN', 'ISG20', 'THBS1', 'BCL10', 'TWIST1', 'RPS13', 'NR4A1', 'ACTL6A', 'ELF3', 'TSC22D3', 'TUBA1A', 'IGLC2', 'SMARCC1', 'TGM2', 'MYH9', 'CHUK', 'IRAK4', 'NFKB2', 'HSD17B8', 'NAV3', 'CDX2', 'ERCC6', 'AXIN1', 'REL', 'RPS3', 'EBF1', 'RPS4X', 'MALT1', 'TIMM50', 'POU2F2', 'SCAP', 'APH1B', 'RAC1', 'HIST1H4A', 'HIST1H2BA', 'TNIP1', 'CFL1', 'IKBKB', 'TANK', 'MARS', 'SIL1', 'COMMD10', 'NAGK', 'AKAP8L', 'TRAF3IP1', 'CASP7', 'GSK3B', 'RAB17', 'TRIM27', 'TRIM33', 'SYPL2', 'EPHA5', 'FEM1B', 'HK1', 'LCN2', 'ESRRA', 'TXN', 'YY1', 'RACK1', 'SHH', 'ATF4', 'INTS3', 'TRPC4AP', 'TCP1', 'HSPBP1', 'ATP1A1', 'SP1', 'PRKACA', 'IL1RAP', 'SEMG1', 'AXIN2', 'TAP1', 'RARG', 'XRCC4', 'CREBBP', 'PRKCZ', 'HIST1H2AA', 'ASCC3', 'IRF1', 'FOXO1', 'RBMXL2', 'TUBB4B', 'MAP3K11', 'RPL7', 'SOCS3', 'PDCD11', 'HDAC2', 'RIPK1', 'SLC1A5', 'PIAS3', 'PPARG', 'NPC2', 'AURKA', 'TOMM22', 'CLTC', 'RPS27', 'NFATC1', 'HPF1', 'SFXN1', 'PPARD', 'DPF3', 'ATP5C1', 'PKHD1L1', 'CNOT6', 'COPB1', 'RPLP0', 'HHEX', 'RRAS', 'HERPUD1', 'DHX9', 'DNAJB1', 'RPS6KA5', 'SPTBN1', 'RPS28', 'RPS18', 'CUL3', 'ZNF276', 'NFRKB', 'SLC25A5', 'SLC25A6', 'HYOU1', 'ITGAL', 'DCUN1D1', 'IGKC', 'DNAJC7', 'E2F1', 'EEF1D', 'TLR1', 'HSPB1', 'RBBP5', 'SP3', 'KCTD12', 'RPLP2', 'HSPA6', 'MAPT', 'PDCD4', 'TLR9', 'SEMA4D', 'PRKCD', 'NCOA1', 'COPS5', 'EBF2', 'IL6R', 'UBE2K', 'UACA', 'ETS1', 'CDKN1B', 'DNMT3L', 'APP', 'IRS1', 'CCS', 'NR2E3', 'PPP4C', 'A2M', 'HMGA1', 'CSNK1A1', 'COMMD3', 'DHRS7B', 'PAK2', 'HDAC6', 'ACTA2', 'HNRNPK', 'SPRR1A', 'TNFAIP3', 'CDK9', 'IFI16', 'XRCC5', 'BLMH', 'MYH10', 'HTT', 'CXCR3', 'LRRIQ4', 'NR3C1', 'SIN3A', 'ICA1', 'TUBB1', 'PLA2G10', 'DDX39A', 'PSMC2', 'COPA', 'CCT2', 'SLC25A10', 'SOCS1', 'SIRT6', 'IGHA1', 'TP63', 'DAXX', 'AHSA1', 'MATR3', 'SEMG2', 'RUNX1T1', 'CLU', 'CFTR', 'IRAK1BP1', 'DDX21', 'CD40', 'RGS4', 'DAP3', 'NOTCH2', 'MET', 'MEN1', 'C1orf52', 'TLR3', 'MAP3K1', 'ZFP36', 'ETHE1', 'CNTN2', 'PRPF8', 'PLXNA3', 'AZGP1', 'IL10RB', 'GTF2I', 'COMMD2', 'TRIM72', 'NCOA2', 'RPL11', 'NSUN2', 'TCF3', 'TUBB4A', 'PDGFB', 'HLX', 'ATF7', 'PSMD2', 'SPEN', 'COMMD5', 'SARAF', 'ANKRD20A4', 'KAT5', 'MAP2K5', 'DDX3X', 'STAP2', 'PRDX1', 'CDKN1A', 'ATP5J', 'NCL', 'HIST1H1B', 'PCMT1', 'TNIP3', 'CUEDC2', 'TGIF1', 'MCCC2', 'VPS4A', 'RAC3', 'CASP2', 'PKN1', 'VTN', 'MAP3K7', 'YWHAZ', 'RBBP8NL', 'BMP4', 'SMARCA4', 'MED23', 'RUVBL1', 'TNF', 'SMARCD2', 'RORB', 'ITGB2', 'GAPDH', 'CCND1', 'NOLC1', 'HMGB2', 'DDX46', 'DPM1', 'PRF1', 'PLA2G2A', 'IL18R1', 'NDUFA10', 'BIRC3', 'SEH1L', 'HSPA8', 'RMC1', 'TRIM28', 'RAB23', 'FLNB', 'SKP2', 'CUL5', 'PLXNB2', 'NFKBIZ', 'RXRA', 'BFAR', 'RPL7A', 'RPS20', 'GABPB1', 'HSP90AA1', 'BANP', 'ITGB3', 'TNC', 'NCOA6', 'CCT8', 'AES', 'IRAK1', 'PRMT6', 'TUBA1B', 'PCCA', 'DDX17', 'G3BP2', 'DPF1', 'STK11', 'HMGA2', 'TP53BP2', 'ANKRD20A1', 'ASH2L', 'IRF3', 'MST1R', 'MAP1LC3B', 'SEC16A', 'MTOR', 'LEF1', 'IRAK3', 'COMMD1', 'NOD2', 'TUBB3', 'PML', 'GRB14', 'KLF10', 'CHD3', 'NOD1', 'GABPB2', 'EOMES', 'IRF5', 'CD86', 'ATF2', 'SEC14L2', 'SFN', 'MRGBP', 'ARF4', 'HCAR2', 'COPB2', 'DSP', 'HADHA', 'ROBO1', 'DNAJA3', 'ITGB3BP', 'IFNGR1', 'RPS2', 'THRB', 'SMARCA2', 'STRN3', 'PIK3CA', 'ZER1', 'IRF9', 'CTNNB1', 'EFTUD2', 'NR1H2', 'ATP5B', 'HSPA1L', 'JAKMIP1', 'COMMD7', 'PC', 'AIFM1', 'TOP2A', 'MCL1', 'ADSL', 'CEBPA', 'PTPRF', 'KPNA2', 'STXBP4', 'TUBA4A', 'ELF1', 'ARID1B', 'TLR4', 'SMG7', 'TUBA8', 'PSMA4', 'SIN3B', 'BTBD11', 'ILK', 'MBD1', 'DHX30', 'NR1H3', 'TSC1', 'TRIP4', 'RIPK3', 'SBSN', 'PSME2', 'RB1', 'CCL3', 'TLR8', 'HSPA14', 'MUC1', 'DISC1', 'CNOT6L', 'SPART', 'RARA', 'MSH2', 'RUVBL2', 'CSF1', 'UBE2D3', 'GTF3C1', 'MRPS31', 'PPM1B', 'MYD88', 'APCS', 'POU2F1', 'CFAP73', 'PRDX2', 'SPTAN1', 'ATF3', 'NEDD4', 'IL18RAP', 'PARP1', 'KDM2A', 'DOK1', 'FARSA', 'SIRT1', 'RARS', 'COMMD9', 'JAG1', 'AFF1', 'TNIP2', 'VPS26A', 'ALOX12B', 'ANKRD44', 'RPL13', 'IL10', 'BRCA1', 'HOXC13', 'THRA', 'AGER', 'ANXA4', 'IRAK2', 'HIST1H1A', 'CASP3', 'HIST1H2BB', 'SLC25A12', 'PADI1', 'ALPI', 'PSME1', 'ELP1', 'NSD1', 'S100A9', 'CD1D', 'TAF4B', 'NQO2', 'PLXNB3', 'HSP90AB3P', 'UNC5CL', 'HNRNPD', 'APOE', 'CRLF3', 'ESR1', 'PPARGC1A', 'TUBA4B', 'ABL1', 'RUNX1', 'STAT5A', 'BAG1', 'SNRPB', 'ARF6', 'RPL6', 'AHR', 'PLS3', 'MYL12A', 'PRKCE', 'HDAC7', 'ANKRD20A2', 'RPS27L', 'HSPA1A', 'ECSIT', 'NFKBIE', 'TBP', 'ALDH5A1', 'CREB1', 'TTF2', 'PRKAA1', 'BARD1', 'FN1', 'GIT2', 'IQGAP1', 'FRMD8', 'TRIB3', 'KSR2', 'BRMS1', 'RPS15A', 'IL10RA', 'IRS2', 'GGCT', 'APC', 'CDC34', 'ENO1', 'ING3', 'ANKHD1', 'ARRB2', 'PDGFA', 'ANKRD24', 'RPL23', 'IKBKE', 'ING1', 'ABCC2', 'NPM1', 'MMP9', 'CARM1', 'MYH14', 'EBF3', 'RPS10', 'SLC25A22', 'PPME1', 'COPS6', 'MAML1', 'NFKBID', 'CSNK1D', 'NGFR', 'PRKCA', 'NACA', 'NOV', 'JUN', 'NFATC4', 'RSF1', 'SAP30', 'RPS5', 'ZNF239', 'CPSF6', 'TUBA3E', 'TNFRSF4', 'LPAR3', 'FBXW7', 'DEDD', 'HMGB1', 'LYL1', 'HIST1H1C', 'EEF1G', 'IGF2BP1', 'PRKCI', 'TAB3', 'NFAT5', 'TBK1', 'FBL', 'PCBD1', 'NCOA3', 'DFFB', 'YWHAQ', 'NELFB', 'XIAP', 'CYLD', 'SF1', 'STAT1', 'TERT', 'ING4', 'KPNA6', 'VDR', 'HDAC10', 'SRF', 'AKAP8', 'NECTIN2', 'UTP20', 'EGFR', 'ANKRD23', 'SNAI1', 'RAG2', 'TFAM', 'CSNK2A1', 'STAT4', 'SMAD3', 'FITM2', 'STAT5B', 'MTHFD1', 'TRIP6', 'NPEPPS', 'VPS72', 'HDAC1', 'CDC37', 'PIAS1', 'TLR6', 'TP73', 'MTPN', 'MYC', 'CASP4', 'IL1R1', 'KCNN4', 'DAPK1', 'CSNK2A2', 'KPNA3', 'IFNG', 'CTNND1', 'CAP1', 'KPNB1', 'RGS14', 'ESR2', 'NOS2', 'MXD3', 'EP300', 'CDSN', 'SORL1', 'GLUL', 'RAF1', 'NSD2', 'HDAC5', 'JUP', 'H2AFX', 'RPS6KA1', 'MAPK1', 'CDK5RAP3', 'PAG1', 'SCLT1', 'PHF10', 'RPS10P5', 'ANKEF1', 'CUL4B', 'PKM', 'CXCL1', 'MTMR2', 'TUFM', 'PFKP', 'LPL', 'ILF2', 'CEP162', 'LARS', 'POTEKP', 'NCF1', 'SF3A1', 'YBX1', 'ANXA1', 'MAP3K3', 'ING2', 'PF4', 'FKBP8', 'UBE2D1', 'APBA2', 'NRIP1', 'PAX5', 'TNFRSF1A', 'SMAD2', 'RPS19', 'RASD1', 'MTA2', 'IQGAP2', 'PPP2R2B', 'MTA1', 'FGF23', 'INS', 'PRKDC', 'PDE8A', 'SUMO2', 'ZBTB16', 'TIMP1', 'ACTB', 'ANKRD12', 'IRF2', 'CEBPD', 'SSR1', 'LIF', 'CYBB', 'KPNA1', 'EEF1A2', 'TLR10', 'TLR7', 'LDLRAP1', 'FOXO3', 'ZFYVE9', 'ATAD3A', 'SMARCE1', 'FAS', 'SPPL2A', 'RPS14', 'CKAP5', 'FOXP2', 'CDON', 'ZBTB9', 'CXCL10', 'CD3EAP', 'RIPK2', 'RBPJ', 'CCL5', 'ASB6', 'VARS', 'AKT2', 'CRP', 'PSMC3', 'EIF2AK2', 'MAPK8', 'BACE2', 'ANXA2', 'ZNF423', 'SYTL4', 'NFKB1', 'PELP1', 'TGFB1', 'CEP112', 'DST', 'HNRNPU', 'PARP2', 'BCL3', 'BCOR', 'LCK', 'UXT', 'TUBB', 'CCL22', 'RFXANK', 'NOS3', 'CEBPG', 'PSEN1', 'KPNA4', 'IKZF1', 'ARRB1', 'PIP', 'DIRAS2', 'UBE2L3', 'RARB', 'VIM', 'CUL1', 'HDAC9', 'MDM2', 'BAG2', 'AR', 'JCHAIN', 'TLR2', 'SMAD4', 'NCOR1', 'FANCD2', 'TFAP2A', 'FCMR', 'IFNB1', 'KLF5', 'RAN', 'RPS3A', 'UBR5', 'PTGES3', 'MAP3K8', 'RPS24', 'GTF2B', 'CDK2', 'PRPSAP2', 'SKP1', 'AUP1', 'SMAD7', 'SLC25A13', 'IGFBP7', 'CCAR2', 'TRIM21', 'HSPA5', 'RAD50', 'TRAP1', 'VAPA', 'NCSTN', 'TLR5', 'CCT3', 'IHH', 'KMT2A', 'EHMT1', 'ACACA', 'ELK1', 'H1F0', 'FRAT2', 'CSF3R', 'CCT4', 'COMMD6', 'NSDHL', 'EP400', 'HNRNPA1', 'SMARCC2', 'MAPK11', 'NCOR2', 'PRPH', 'FANCA', 'SATB1', 'COMMD8', 'RBBP4', 'BTRC', 'VKORC1', 'KAT2B', 'CASP9', 'PSMD10', 'TAB1', 'TNFSF11', 'APOC1', 'SLC25A3', 'SQSTM1', 'ITGAV', 'CAD', 'UQCRC2', 'ACTBL2', 'SRC', 'DDB1', 'MAPK13', 'MYO1D', 'MMP3', 'IL1B', 'ISG15', 'LRPPRC', 'HSD17B4', 'CARD10', 'HIST1H2AB', 'INHBA', 'TP53BP1', 'SAP18', 'PHLPP1', 'SPI1', 'PLA2G4A', 'PLD3', 'XRCC6', 'RAB13', 'MSR1', 'PRSS3', 'ICAM1', 'C4orf19', 'ANKRD42', 'MTIF2', 'HSPA4', 'LIPG', 'MAPK12', 'SFPQ', 'NLRP3', 'TCF7L2', 'MAP3K14', 'GCN1', 'GMEB2', 'TUBB8', 'TUBA1C', 'DSCAM', 'FBXW11', 'HSP90AB1', 'GMPPA', 'SLC25A4', 'RELB', 'HSP90AB2P', 'ELAVL1', 'SLF1', 'WEE1', 'YEATS4', 'DVL3', 'RNF123', 'RIF1', 'CRADD', 'PRKCQ', 'HDAC4', 'NKRF', 'CUL4A', 'MYL6', 'CDK1', 'LILRB2', 'HIF1A', 'CAMKK2', 'CASP8', 'LRP1', 'PCCB', 'HNF4A', 'RPS11', 'HIST1H2BC', 'PDHB', 'CASP5', 'BCL2', 'VCAM1', 'CD82', 'IL6', 'RPL30', 'DBT', 'GZMB', 'CD276', 'CTBP1', 'MCM7', 'AKT1', 'SYNCRIP', 'MAP3K13', 'EIF4A1', 'DNAJA1', 'PPARA', 'DHH', 'LY96', 'SOD1', 'CIDEA', 'PIAS2', 'FNDC3B', 'ADAM9', 'LMNB1', 'HDAC3', 'ANKRD1', 'FOXP4', 'BOC', 'APRT', 'TXLNA', 'RHOQ', 'IRF8', 'TNRC6B', 'TAB2', 'COMMD4', 'PDHA1', 'BCL6', 'FLNC', 'IARS', 'CNOT2', 'SELE', 'FCGR2A', 'SMARCD1', 'USP9X', 'HSPH1', 'CXCL8', 'PLXND1', 'EGR1', 'STAT6', 'PSMD11', 'PRPS1', 'TARDBP', 'PGR', 'MEFV', 'RPS8', 'RAB27A', 'RELA', 'ANKS4B', 'SERPINA3', 'RBP4', 'NFYC', 'HSPA2', 'TNKS1BP1', 'APLP2', 'INPPL1', 'PIK3R1', 'CD163', 'NFATC2', 'CD84', 'KPNA5', 'NR5A2', 'ETFA', 'TNFAIP2', 'USH1G', 'DPF2', 'A2ML1', 'NMI', 'INSR', 'FBXW2', 'NR5A1', 'BSG', 'CAMTA2', 'CEBPB', 'RECQL', 'IL2RB', 'TUBB2B', 'INA', 'IRF7', 'NFATC3', 'VAPB', 'HSPD1', 'VSIG4', 'TNFRSF1B', 'TUBB2A', 'HSPA9', 'DDX5', 'GM2A', 'TP53', 'IRF4', 'OAT', 'TUBA3C', 'GFI1', 'NLRP2', 'SPAG9', 'SUMO1', 'ANKRD20A3']",NFKB1,0.0002426903274369563,mcU,6,1,5
10,['FAP'],"['POSTN', 'DPP4', 'GCG', 'TAC1', 'THBS2', 'FBN1', 'COL1A1', 'COL11A1', 'COL5A1', 'DPP6', 'FAP', 'FSTL1', 'NPY', 'RAB31', 'CAV1', 'THY1', 'SPARC', 'HUWE1', 'NID2', 'LOXL1', 'COL6A3', 'GHRH', 'MMP2', 'BGN', 'TMEM109', 'RBM4', 'LOX', 'CORO1C', 'PYY', 'DCN', 'CTSK', 'RBM3', 'LUM', 'COL1A2', 'SH3KBP1', 'PPT1', 'PHB', 'PDGFRB', 'SPOCK1', 'PHB2', 'MXRA8', 'SERPINF1', 'NPPB', 'VCAN', 'STOM', 'ASPN', 'ADA', 'ST14', 'COL10A1', 'ADCYAP1', 'HTRA1', 'COL3A1', 'SULF1', 'CCL18', 'COL5A2', 'MSRB1', 'LGALS1', 'DPP9', 'DPP10', 'VIP', 'PLAUR', 'GIP', 'ERLIN2', 'CDH11', 'AEBP1', 'ACOT6', 'DPP8']",FAP,8.827989254700519e-05,mcU,7,1,3
130,['RPS6KB1'],"['STK24', 'SGK3', 'BRAF', 'DEPTOR', 'HRAS', 'GRAMD1A', 'MAPKAPK2', 'GNA13', 'PPP2CB', 'TAOK2', 'EIF3M', 'TSSK4', 'UHMK1', 'PARD3', 'SRSF2', 'MAK', 'COASY', 'MARK2', 'NUAK1', 'STRADA', 'PDPK1', 'MAP3K4', 'MAPK14', 'TSSK1B', 'EIF3I', 'BOLL', 'PSMC4', 'PPP5C', 'DAPK3', 'ACVR1B', 'EIF3E', 'LATS2', 'EIF4G1', 'CDK4', 'EEF2K', 'MYLK2', 'TTN', 'CDKN3', 'CCND3', 'DCLK1', 'KIR3DL1', 'CDC42BPB', 'CDC42BPA', 'NRK', 'MAP4K5', 'CAMK1', 'PAK6', 'PIP4K2A', 'PRKACB', 'TRIB1', 'TSSK6', 'DAPK2', 'PLD2', 'DPPA4', 'PRG2', 'PTEN', 'UBL4A', 'PPP2R2D', 'MAP4K3', 'MAP2K6', 'FKBP1A', 'PBK', 'PAK5', 'TRIO', 'PPP2R2A', 'EIF3J', 'NRAS', 'MKNK1', 'STK4', 'ACTA1', 'NCBP2', 'RNF7', 'AKT1S1', 'CARHSP1', 'TAOK3', 'TRIB2', 'ARAF', 'LMCD1', 'ACVR1', 'AKT3', 'PRKCG', 'PRKAA2', 'KRT10', 'CDKN2A', 'LATS1', 'STK32B', 'MAPK15', 'CAB39', 'STK25', 'GNAO1', 'RPTOR', 'PPP2R5E', 'RHEB', 'CCNG1', 'EIF3A', 'NEK6', 'EIF3C', 'TGFBR1', 'EEF2', 'MKNK2', 'PEBP1', 'EIF4A3', 'TSSK3', 'MUSK', 'PPP1R9A', 'IER3', 'MAP4', 'MAP2K2', 'PPP2R1B', 'RPS6KB2', 'PHLPP2', 'FMR1', 'EIF4EBP1', 'PPP2R5C', 'EIF3H', 'BUB1B', 'CYFIP1', 'ACVR2A', 'EIF3F', 'ACVR1C', 'RICTOR', 'MARK4', 'UPF3B', 'RPS6', 'PXK', 'PPP1R9B', 'RPL5', 'DUSP1', 'GRK5', 'CDKL2', 'RPS6KB1', 'SBK1', 'EIF3K', 'NEK2', 'DYRK1B', 'OGT', 'UBQLN1', 'GSK3A', 'PIN1', 'DUSP3', 'NTRK3', 'CCNA2', 'PAK4', 'BTF3', 'GRK2', 'RPS6KA3', 'MARK1', 'RRAGD', 'SGK1', 'TSC2', 'LIMK1', 'CDKN2C', 'RHOA', 'PAK1', 'RRAGB', 'BMPR2', 'APPL1', 'URI1', 'CCND2', 'NR1I2', 'STRADB', 'PAK3', 'EIF3B', 'NUAK2', 'FGFR1', 'STMN2', 'MAP2K1', 'IER5', 'DMPK', 'CHEK2', 'CLK2', 'PRKCB', 'ATM', 'PIM1', 'EIF2AK4', 'ITGA6', 'BLVRA', 'EIF4B', 'CCT6A', 'PRKAR1A', 'MAP2K4', 'PAWR', 'GLI1', 'CDK7', 'SLC9A3R2', 'CLEC3B', 'NPRL2', 'TRIM25', 'AAMP', 'PPP2R2C', 'ITSN1', 'USO1', 'DCC', 'CAMKK1', 'PKMYT1', 'CDK5', 'CCNY', 'PHKG1', 'YWHAB', 'NCBP1', 'MAPKAP1', 'PKN2', 'ICK', 'MAPK3', 'MXD1', 'KRAS', 'HIPK1', 'MAP4K4', 'PDK1', 'DDIT4L', 'TESK2', 'DYRK2', 'GRK1', 'ACVR2B', 'RHEBL1', 'STK38L', 'ABI2', 'ROCK1', 'RHOU', 'PABPN1', 'DAZL', 'BAX', 'HIPK3', 'CCNE1', 'GRK4', 'CAMK2A', 'CLK1', 'RPS6KA6', 'RRAGC', 'EIF4G2', 'CHEK1', 'CSNK2B']",RPS6KB1,0.0005752511189927034,mcU,8,1,7
104,['OSMR'],"['FNDC3A', 'NFAM1', 'CD46', 'CTGF', 'IFNK', 'IL17A', 'KLKB1', 'STAB1', 'MICB', 'MYOF', 'TNFSF12', 'VWA1', 'TGFBR2', 'CADM1', 'CD274', 'IL11', 'EPS8', 'C1R', 'LIFR', 'IL2', 'CX3CL1', 'TLE1', 'NEO1', 'F12', 'IL18', 'ITGA2', 'ELANE', 'PTHLH', 'EBI3', 'OSM', 'CNTF', 'ABI3BP', 'KIR2DL1', 'IL7R', 'PARP4', 'TNFRSF11A', 'PTPRU', 'DAG1', 'LILRB5', 'IL31RA', 'IL7', 'RNF135', 'KIR3DP1', 'LILRB3', 'TGFB2', 'IL22RA2', 'HPX', 'FSD2', 'FLT1', 'FNDC1', 'IL13RA1', 'PDCD1LG2', 'IL22RA1', 'THBS4', 'CDH13', 'IL20RA', 'HLA-G', 'FER', 'C1QC', 'CARD9', 'CELSR1', 'MICA', 'NCR1', 'PDGFC', 'NRP1', 'IL13RA2', 'PDPN', 'IGDCC4', 'IL12RB2', 'SIRPB1', 'C1QB', 'GH1', 'EGF', 'PLAU', 'KIR2DL5B', 'PVR', 'LRRN4CL', 'C1S', 'IL13', 'IL21', 'ROBO3', 'AFAP1L1', 'VEGFC', 'HFE', 'LY75', 'FNDC8', 'CTF1', 'CRTAM', 'KRT16', 'NCR3', 'KIR3DL2', 'TNFSF13B', 'CNR1', 'KIR2DL4', 'CBFA2T2', 'EFNB1', 'MFAP3', 'CSF3', 'CD97', 'LILRA2', 'IGFBP5', 'NOTCH3', 'CSF2', 'SERPING1', 'OSMR', 'TRIM46', 'MYOM3', 'C2', 'TNFAIP6', 'EDA2R', 'CTSB', 'CFB', 'SH2D1A', 'ZMYND11', 'ADORA2B', 'CFI', 'C4B', 'CAMP', 'SDK1', 'ROBO2', 'C7', 'ANKLE2', 'EPHA3', 'CMYA5', 'IL6ST', 'FCER1A', 'F3', 'ILDR2', 'AHSG', 'RNF31', 'IL11RA', 'F8', 'ITGB4', 'MASP2', 'IL27RA', 'C4BPA', 'UNC13D', 'CFH', 'IL16', 'CBFA2T3', 'MOG', 'VEGFB', 'MASP1', 'TBX2', 'CXCL12', 'PROS1', 'IL20RB', 'ADORA1', 'IL5RA', 'EPO', 'C1QA', 'LILRA1', 'HRG', 'C1RL', 'CNTFR', 'FGFRL1', 'IL20', 'IL22', 'VEGFA']",OSMR,0.000171616082560333,mcU,9,1,4
110,['PTPN2'],"['EXOSC4', 'DNAJC10', 'DUSP12', 'SHC3', 'CLNK', 'NSUN5', 'KATNB1', 'PTPRS', 'PTPRH', 'CDC42', 'NCK1', 'TPM4', 'BRIX1', 'NTRK2', 'RIN1', 'PTPRC', 'NUP98', 'NUP62', 'B4GAT1', 'FANCC', 'PDGFRA', 'MAP3K5', 'HARS', 'FLT4', 'SSH2', 'PTPRA', 'ERBB2', 'PTPRM', 'CASC4', 'SHC1', 'METTL13', 'IL21R', 'PTPN22', 'DDR1', 'NMNAT1', 'ALK', 'CALU', 'GAB1', 'UBE2N', 'PSMD6', 'WASL', 'PSMD1', 'KIT', 'SOS1', 'RMDN3', 'ANP32C', 'PTPN5', 'VIL1', 'CBLC', 'BCR', 'TMOD3', 'APEX1', 'BCAR1', 'NLK', 'PTPRK', 'FGFR4', 'TNFSF8', 'CRKL', 'CSPG5', 'DIMT1', 'RPL3L', 'PIK3R3', 'PTPRD', 'PTPN3', 'IPO7', 'CSK', 'MPL', 'PTPRT', 'HMGN5', 'VAV3', 'DUSP19', 'FYN', 'RPP30', 'PSMC3IP', 'YES1', 'GRSF1', 'GADD45GIP1', 'GRB10', 'PTPN18', 'ZAP70', 'IFNAR1', 'DUSP13', 'VAV2', 'TNK2', 'PSMD14', 'JAK3', 'VAV1', 'CSF2RB', 'IL2RG', 'IRS4', 'PTPRR', 'PTPN7', 'SH2D3A', 'DUSP9', 'ABL2', 'STAM2', 'ESCO1', 'GAB2', 'RCL1', 'PSMD13', 'PTPN1', 'EIF2S1', 'PTPN4', 'SMNDC1', 'GHR', 'CBLB', 'SOCS5', 'PTPN11', 'HCK', 'CLEC16A', 'PTPN2', 'TFB1M', 'STAT2', 'TMED9', 'ROR1', 'PSMD8', 'GRB7', 'NTRK1', 'SHC2', 'PTPN14', 'IGF1R', 'ERBB4', 'NCK2', 'ZC3HAV1L', 'PTPN12', 'DUSP27', 'DUSP7', 'FCGR1A', 'KHDRBS1', 'DUSP10', 'FGFR3', 'CRLF1', 'UCHL5', 'SLC39A5', 'PTPRN', 'PTPRZ1', 'CBL', 'BTK', 'PIK3R2', 'GOLGB1', 'NUP50', 'BYSL', 'TMEM216', 'SSH1', 'SYK', 'IFNAR2', 'PTPRN2', 'PNO1', 'PTPRO', 'CISH', 'DUSP21', 'PTPN6', 'PTK2B', 'MRM3', 'DDR2', 'ERBB3', 'KDR', 'CD247', 'PTPN20', 'INSRR', 'EPHA8', 'MCM5', 'OCLN', 'PLSCR1', 'RET', 'IL4R', 'C8orf33', 'AXL', 'TMED10', 'CD22', 'EIF5A', 'TXNDC5', 'PLCG1', 'PTPRE', 'JAK1', 'EPOR', 'RASA1', 'TCTN2', 'DBN1', 'PSMD4', 'TIAF1', 'LYN', 'FRK', 'GTPBP10', 'PTPRJ', 'TMEM17', 'MYO1C', 'TSLP', 'PTPN9', 'TRMT61B', 'CASKIN1', 'ANP32B', 'SH2B1', 'PTPN21', 'PTPRG', 'FKBP4', 'ASGR1', 'IFNGR2', 'PTK2', 'ROS1', 'EPHA2', 'SLC39A4', 'STAM', 'CDC14A', 'PTK6', 'GRB2', 'BCAR3', 'INPP5D', 'PTPRB', 'LMAN1', 'PTPN23', 'CRK']",PTPN2,0.000277898946484334,mcU,10,1,5
137,['FOS'],"['TPR', 'FOXH1', 'POLR2E', 'NFYB', 'PPL', 'KLF1', 'RUNX3', 'PJA2', 'PNN', 'SKIL', 'NFIX', 'HSPA1B', 'RPS25', 'STUB1', 'STX1A', 'MAPK10', 'IER2', 'OPTN', 'CCL7', 'FOSB', 'NEFM', 'TAF1', 'SREBF1', 'BATF', 'CYR61', 'ITCH', 'SKI', 'BTBD10', 'SLC9A3R1', 'PECAM1', 'SMARCB1', 'PTPN13', 'RGS19', 'NOS1', 'STK40', 'PPP1R12A', 'TSPAN2', 'DSE', 'HOXD13', 'VRK1', 'DAB2', 'ASCC2', 'SF3A3', 'PPP1R15A', 'FOXC1', 'LMO3', 'USP16', 'AHCY', 'LUZP4', 'DBP', 'MTMR1', 'ARL6IP4', 'PSMC1', 'BUD23', 'EGR2', 'ARFGAP1', 'ZMYM6', 'ATP5I', 'FOSL2', 'HNF1A', 'ASCC1', 'COPS7A', 'TFF3', 'TAF2', 'COPS4', 'TAF4', 'ATP5O', 'SMURF1', 'MT-ND2', 'CREB3', 'GREB1', 'SDC2', 'GOLM1', 'LAS1L', 'TSPYL4', 'EDF1', 'USF2', 'HSP90B1', 'HMG20B', 'SCHIP1', 'SMAD6', 'MARK3', 'TPM1', 'CENPO', 'NFATC2IP', 'DET1', 'CSF1R', 'KIF5C', 'DLG4', 'XRCC1', 'TAF6', 'CREBZF', 'FAM20C', 'HMG20A', 'TAF11', 'RFWD2', 'CLDN2', 'TAF1A', 'TAF12', 'KBTBD7', 'FIP1L1', 'PKP2', 'UBR1', 'MAPK9', 'GRHPR', 'PIAS4', 'SLC33A1', 'VEZF1', 'ELK4', 'RORA', 'TRO', 'XBP1', 'USP6', 'IGF2', 'ELF2', 'ETV1', 'GNG11', 'NPIPA1', 'FNBP1L', 'KAT6A', 'NTS', 'CREB5', 'SSU72', 'QRFP', 'TCL1A', 'SERBP1', 'ATF5', 'SUPT6H', 'GTF2F1', 'CITED2', 'NR4A2', 'JUNB', 'CYTH4', 'TAF3', 'RPS6KA4', 'ERCC3', 'KDM2B', 'FOS', 'MAFB', 'PSMC6', 'EID1', 'PTP4A1', 'TRRAP', 'GTF2F2', 'NR2F1', 'CAMSAP2', 'PSEN2', 'KIAA1109', 'STIM1', 'TFF1', 'TRAPPC13', 'MYOD1', 'GFAP', 'ATRNL1', 'GATA3', 'ZNF133', 'NUP153', 'ACP5', 'MAP1B', 'EGR3', 'NKX2-1', 'GAMT', 'NBN', 'SNCA', 'JDP2', 'BARX2', 'RRP12', 'FHL2', 'BMPR1A', 'GLO1', 'SRA1', 'RBM6', 'IDS', 'DES', 'FGF1', 'TREM1', 'EXOSC10', 'NEDD9', 'AQP1', 'MAPK7', 'PPIG', 'FBLN1', 'FAAP100', 'SNAPC2', 'MMP13', 'BCL9', 'CCDC158', 'SMAD1', 'ANKRD17', 'GTF2A2', 'SOX9', 'TFE3', 'NMU', 'PNP', 'TMSB10', 'ELF4', 'C19orf57', 'GTF2E2', 'MTERF4', 'FOSL1', 'GNL2', 'CRB3', 'RUNX2', 'PFDN5', 'ZFP91', 'SLC4A10', 'MBP', 'ACTR3', 'OCIAD1', 'RIT2', 'MAPK6', 'CALCOCO1', 'AMY2B', 'FGF2', 'BTG2', 'MYB', 'CD3G', 'BATF3', 'SRPK1', 'ZNF277', 'MMP7', 'TAF9', 'RAC2', 'ERBIN', 'MEF2C', 'PSMC5', 'GBP1', 'MECOM', 'ATF1', 'RGS7', 'RNF20', 'TAF7', 'E2F5', 'NFE2L3', 'CABP1', 'APLP1', 'BACH1', 'ESF1', 'USF1', 'CEBPE', 'FAM50A', 'ANP32E', 'KAT6B', 'COPS3', 'GRIP1', 'GLB1', 'NR2F6', 'CITED1', 'TAF13', 'SBF2', 'ZNF652', 'RP11-261N11.1', 'UTP4', 'RPS6KA2', 'SUMO4', 'CREM', 'TAF5', 'RPS17', 'ETS2', 'MED17', 'CHMP3', 'ADORA2A', 'MAN1A2', 'LMNA', 'TLN2', 'LRRC59', 'PKNOX2', 'TCF7', 'TNIK', 'SMURF2', 'HNRNPR', 'AGTPBP1', 'FOXF2', 'GTF2A1', 'ZNF622', 'CIITA', 'TAF10']",FOS,7.747371812938386e-05,mcU,11,1,3
43,['RAVER1'],"['RBM5', 'U2SURP', 'ACTN1', 'HNRNPC', 'CAPZA2', 'CSTF2', 'FGL1', 'CNOT1', 'RBM14', 'TERF2', 'FUS', 'SORBS1', 'ABCE1', 'HNRNPH2', 'AURKB', 'RPA2', 'HNRNPH3', 'RBM8A', 'FKBP9', 'RPA3', 'UBAP2', 'HNRNPH1', 'ACTN4', 'SCGN', 'EIF4H', 'RAVER2', 'P4HA2', 'ACTN2', 'ABCC1', 'AIRE', 'NOL8', 'RTCB', 'ALYREF', 'XPO1', 'CNOT11', 'VCL', 'ZNF638', 'RBM15', 'TOB1', 'DIS3', 'GADD45B', 'TLN1', 'EYA2', 'RAVER1', 'CNOT7', 'LGALS3BP', 'PTBP1', 'PXN', 'B9D2', 'HNRNPF', 'GORASP2', 'RBM10', 'RPA1', 'STAU1', 'NSRP1', 'MYEF2', 'RALY', 'RBMS1', 'HNRNPL', 'TUBG1', 'RBM4B', 'TIA1', 'NELFE', 'PPP2R1A', 'SART3', 'NONO', 'RC3H1', 'PSPC1', 'SREK1', 'RBM38', 'HAUS2', 'AK2', 'HNRNPLL', 'POLDIP3', 'MYH7', 'ESRP2', 'SF3B6', 'EIF4E', 'CEP76', 'CDH1', 'ALKBH8', 'CDC5L', 'NINL', 'RBM12', 'DDX1', 'HNRNPM', 'PUF60', 'BAG6', 'RBMS2', 'RBM15B', 'SF3B4', 'GART', 'SDHA', 'CCDC186', 'DAZ4', 'SRSF4', 'PABPC1', 'CDC20', 'NUP35', 'CEP72', 'MCAT', 'IGF2BP3', 'RBM12B', 'CCDC39', 'DYNLT1', 'PHKB', 'PFAS', 'RBM34', 'SNRPA', 'EIF3G', 'NEDD1', 'CDC16', 'RBM42', 'CYP1A1', 'SNRPB2', 'CEP250', 'PTBP3', 'EWSR1', 'HIF1AN', 'SRSF6', 'RBMX', 'LARP7', 'KRI1', 'SRSF9']",RAVER1,0.00040752510774033635,mcU,12,1,6
47,['CXCR2'],"['GPR55', 'TREM2', 'CXCL2', 'S1PR2', 'PRAM1', 'FCGR3B', 'CXCR4', 'DRD1', 'HRH2', 'SDC1', 'C5AR2', 'LPAR1', 'RXFP3', 'HTR2A', 'CMTM7', 'CX3CR1', 'P2RY11', 'CCR9', 'NTSR2', 'ST13', 'LBP', 'LPAR2', 'CRHR1', 'CD48', 'S1PR4', 'P2RY1', 'GTF3A', 'P2RY8', 'GPRASP1', 'CMKLR1', 'MMP1', 'CD300C', 'PPBP', 'CNR2', 'RAB11FIP2', 'ITGA1', 'CHRM1', 'CXCR1', 'ADAM10', 'DRD2', 'CXCL6', 'MSN', 'TRAT1', 'SIGLEC1', 'GNA14', 'SSTR5', 'C3', 'CXCR2', 'CXCL5', 'ITGAM', 'CCR8', 'LPAR5', 'PICK1', 'AVPR1A', 'CD3E', 'VCP', 'FPR3', 'GNA15', 'MYO5B', 'PTAFR', 'CCKBR', 'DNAH5', 'CCRL2', 'CCL3L1', 'GPR3', 'AGTR1', 'CXCL3', 'IL4', 'P2RY2', 'LASP1', 'PLEK', 'MC5R', 'FPR2', 'LTB4R', 'CTSG', 'CD8A', 'HRH1', 'CD8B', 'NCF2', 'P2RY6', 'BRF1', 'CYSLTR1', 'XCR1', 'C5AR1', 'FPR1', 'STXBP2', 'CCL13', 'ACKR2', 'PPP2CA', 'CCR1', 'C3AR1', 'RGS12', 'VASP', 'MAS1', 'AVPR1B', 'ADRA1A', 'EDNRB', 'YWHAG', 'NCR2', 'CHRM2', 'SIRPG', 'MNDA', 'BDKRB2', 'ARPC3', 'CCR3', 'TIGIT', 'ACKR4', 'ACKR1', 'CCKAR', 'NIPSNAP1', 'DRD5', 'PTGIR']",CXCR2,0.00028991036851666596,mcU,13,1,5
204,['DNMT3B'],"['HCLS1', 'CRX', 'MEF2A', 'MBD4', 'PCYT2', 'DIRAS3', 'NCAPH', 'POLE3', 'EZH1', 'CBX5', 'KMT2B', 'SH3PXD2B', 'SND1', 'PCDHGB4', 'NDC1', 'PACSIN3', 'CXXC1', 'SGO1', 'SETD7', 'PIWIL4', 'SETD1B', 'SORBS3', 'CASP6', 'PRDM1', 'TRDMT1', 'EZH2', 'RECQL4', 'SLC7A11', 'HDGF', 'POLR2C', 'SMC3', 'SFRP5', 'BMI1', 'CHRAC1', 'NCAPD2', 'NPHP1', 'MSH6', 'NME6', 'HIST1H3A', 'EMSY', 'PPP1CB', 'PAICS', 'ACLY', 'EPM2AIP1', 'BAZ1B', 'ROCK2', 'DNMT3A', 'CBX3', 'SOX10', 'EPHB1', 'AGO1', 'LIMA1', 'MECP2', 'PRMT1', 'PIWIL2', 'PRKN', 'SUMO3', 'PTN', 'INCENP', 'CHRD', 'ZNF331', 'CMTM6', 'DNMT1', 'PBRM1', 'CTCFL', 'KIF4A', 'SMC4', 'KALRN', 'CMTR2', 'TDG', 'MLH1', 'DMAP1', 'RWDD3', 'THBD', 'UBE2C', 'ZFP57', 'MIS12', 'HIST2H2AB', 'PLK1', 'UBE2I', 'UBE2B', 'RERE', 'SCMH1', 'FTSJ3', 'KDM1A', 'SETD1A', 'CHD4', 'WIZ', 'TARBP2', 'H3F3A', 'PRKCH', 'RANBP2', 'RNF4', 'CBX2', 'TGIF2', 'BIRC5', 'KDM4C', 'EHMT2', 'PRRC2B', 'RPL10A', 'FRMD7', 'HIPK2', 'PLEKHJ1', 'SET', 'MUM1', 'RANGAP1', 'PRMT5', 'CHAF1B', 'VWC2', 'SREBF2', 'BRD1', 'LEO1', 'MAP3K9', 'MAF', 'PRDM5', 'BRPF1', 'ETV6', 'UHRF2', 'MITF', 'HIST1H1E', 'MBD3', 'PCNA', 'CHAF1A', 'SUZ12', 'EPHB2', 'SETDB2', 'ZNF512B', 'NSD3', 'RFWD3', 'CENPB', 'RAD21', 'BAZ2A', 'SUV39H2', 'BDNF', 'E2F6', 'TDRD1', 'TSC22D1', 'PRMT2', 'NEB', 'BCL11B', 'CBX1', 'ATF7IP2', 'CENPE', 'RBBP7', 'SFRP4', 'MYL6B', 'MTF2', 'TOP1', 'SUV39H1', 'UBE2W', 'SP100', 'STAC', 'PACSIN1', 'HOXD3', 'EED', 'CBX4', 'PAF1', 'ATF7IP', 'SETDB1', 'POT1', 'NTHL1', 'DOT1L', 'RP2', 'PLEKHB1', 'UBA2', 'GATA4', 'PLEKHA6', 'BAZ1A', 'TIMP3', 'NHEJ1', 'WARS', 'MAP3K10', 'AGO4', 'RTF1', 'RCOR1', 'EPDR1', 'UGGT1', 'DBNL', 'MTA3', 'AGO2', 'SUDS3', 'AKAP1', 'ZNF274', 'DSN1', 'GNMT', 'TTK', 'HELLS', 'KMT5B', 'CDC73', 'RRP8', 'NRCAM', 'NEDD8', 'ARID4B', 'SMARCA5', 'DGCR8', 'MID1', 'AGO3', 'GATA5', 'ZHX1', 'ZBTB18', 'CENPH', 'CBX8', 'NCAPG', 'UHRF1', 'DNMT3B', 'MIER1', 'PHF1', 'GATAD2A', 'CDC7', 'MAPK8IP1', 'POLR2H', 'PCGF2', 'NCAPD3', 'PAM16', 'NKX2-5', 'TGS1', 'CCL24', 'SMC2', 'PSIP1', 'SFRP2', 'MKI67', 'KDM4B', 'KMT2E', 'CENPA', 'WAPL', 'SETD2', 'RLIM', 'DUSP23', 'SAE1']",DNMT3B,0.000419598483122674,mcU,14,1,6
120,['KEAP1'],"['DNAAF4', 'POU3F2', 'GLRX5', 'DPP3', 'SYNE4', 'GABARAPL1', 'MAP1LC3C', 'KHSRP', 'FERMT3', 'PMF1', 'ELOB', 'ZC3H18', 'HOXA7', 'WDR1', 'GAR1', 'IPO11', 'MAD2L1', 'STBD1', 'NFE2L2', 'MAFF', 'CCNB1IP1', 'CAT', 'FKBPL', 'PDCD6IP', 'USP4', 'LAMC1', 'NIPSNAP2', 'SLK', 'ENC1', 'BTBD7', 'VHL', 'TERF1', 'ABTB2', 'FYCO1', 'BRCA2', 'FAM129B', 'GABARAPL2', 'MED4', 'SLX4', 'NLE1', 'GSPT1', 'RAD23A', 'MLST8', 'TBC1D2B', 'GET4', 'TSC22D4', 'GYPA', 'SSH3', 'KLHL2', 'SNRPN', 'SUGT1', 'AMER1', 'POU3F1', 'OXR1', 'NKD1', 'NEK9', 'NAB2', 'RECK', 'ZRANB1', 'MAZ', 'NEU2', 'FAF1', 'MAPKBP1', 'CAND1', 'TRIM16', 'KCTD5', 'WDR83', 'RBX1', 'APBA3', 'ATG4B', 'SESN2', 'TP53INP2', 'DVL1', 'SLCO6A1', 'DVL2', 'NOTCH1', 'HNRNPA2B1', 'PARK7', 'POLR2F', 'TRIM15', 'USP15', 'ETF1', 'GSPT2', 'CDH5', 'PAQR3', 'PRKAG1', 'LSM3', 'PXMP2', 'MED21', 'HADHB', 'AMOT', 'ABCF1', 'NUDT4', 'TSC22D2', 'USP7', 'USP11', 'RANBP9', 'SOCS2', 'STK3', 'NSMAF', 'UBC', 'P3H3', 'ZSCAN32', 'SESN1', 'ZBTB7A', 'DDIT3', 'PTMA', 'NQO1', 'NCOA7', 'RBM45', 'TNFRSF10A', 'BPTF', 'MYO7A', 'CUL2', 'IPO5', 'AARSD1', 'SASS6', 'RAD51', 'PGAM5', 'CEP135', 'KEAP1', 'MAFG', 'BAD', 'ARCN1', 'TCEAL4', 'MAP1LC3A', 'SAFB2', 'GABPA', 'NEIL2', 'FAM46A', 'ASPA', 'NUDCD3', 'FXR1', 'COPG1', 'PIDD1', 'CCNB1', 'NAF1', 'GYS1', 'UBE2A', 'SOCS4', 'KBTBD6', 'PALB2', 'BBS1', 'BOD1L1', 'FAM117B', 'VWA8', 'ATG2A', 'CDK13', 'BAG3', 'ZBTB7B', 'ULK1', 'ZBTB17', 'MCM3', 'MAFK', 'PPP1R13L', 'CACYBP', 'SMO', 'AK4', 'NBR1', 'TCEAL1', 'MCMBP', 'GPRASP2', 'GABARAP', 'CTR9', 'TMEM160', 'UBXN7', 'OSBPL10', 'KLHL3', 'NFE2L1']",KEAP1,0.00028428305254979414,mcU,15,1,5
4,['TNFRSF6B'],"['TRAF3', 'LTBR', 'TRAF4', 'BIRC2', 'TNFRSF6B', 'TRAF2', 'TRAF1', 'TNFSF10', '-', 'TRAF6', 'TRADD', 'TRAF5', 'SIAH1', 'TNFRSF14', 'ITK', 'PPP1R7', 'PSTPIP1', 'FASLG', 'CFLAR', 'KRTAP10-3', 'JAG2', 'TNFSF13', 'TNFSF14', 'KRTAP10-9', 'TNFSF15']",TNFRSF6B,0.0008771065612604989,mcU,16,1,8
18,['ADCY3'],"['SLC4A8', 'PRKAR2B', 'CABP2', 'NPR2', 'PDE4C', 'ADCY9', 'GNAS', 'PRKG2', 'CARD14', 'GNB3', 'ADCY1', 'DLG5', 'GNAI2', 'MPP3', 'FLNA', 'RGS2', 'MPP4', 'RYR1', 'ADCY3', 'SPATA9', 'MAGI2', 'PRKACG', 'SPAG8', 'GUCY2F', 'GRIN2B', 'DLG3', 'PDE1A', 'ADRB2', 'GUCY1A1', 'POPDC2', 'ADCY2', 'ANGPTL6', 'GUCY2C', 'EREG', 'MPP2', 'TRIM17', 'ADCY4', 'ADCY8', 'MPP6', 'TH', 'SLC17A2', 'PEA15', 'PCDHGA5', 'MPP1', 'STOML3', 'POLR1C', 'RAB3A', 'GUK1', 'CASK', 'TJP2', 'ADCY7', 'RGS13', 'ADCY6', 'ADCY5', 'IL17RC', 'GNAI1', 'PDE2A', 'PDE1C', 'KCNA5', 'GUCY1B1', 'MPP5', 'TJP3', 'GUCY1A2', 'CATSPER2', 'GNAI3', 'CNGA3', 'CPEB1', 'PDE3B', 'MYLK', 'DLG2', 'ADAM7', 'CAMK2B', 'NPR1', 'GNAZ', 'GUCY2D', 'CAMK2D', 'ASL', 'DLG1', 'ANKMY2', 'GNAQ', 'LGALS3', 'RRAD', 'ASIC4', 'MPP7', 'SYT6', 'GRIA1', 'MTNR1B', 'CD79B', 'IZUMO1', 'MAGI3', 'CAMK2G']",ADCY3,0.0003347184249200552,mcU,17,1,5
0,['IL27'],"['IL27', 'WWP1', 'APOBEC3F', 'SIGIRR', 'INHA', 'ARPP19', 'TRGV9', 'CD40LG']",IL27,0.00022396844564709362,mcU,18,1,4
14,['IL23R'],"['GOLIM4', 'COG5', 'C1D', 'CXCL9', 'GOLPH3', 'STAT3', 'IL23A', 'NFKBIA', 'PDF', 'GOSR2', 'IL24', 'BET1L', 'COG7', 'ITGA3', 'IL23R', 'IL12B', 'COG2', 'LHFPL6', 'GOSR1', 'IL19', 'CCL2', 'COG1', 'JAK2', 'UNQ2498/PRO5798', 'COG3', 'IL12RB1', 'IL12A']",IL23R,0.0004056694324728882,mcU,19,1,5
61,['IFIH1'],"['PPIP5K1', 'HLA-F', 'EEF1B2', 'UBA52', 'MFN2', 'TECPR1', 'PPP1R3A', 'HSPE1', 'IFIT3', 'MFN1', 'CC2D1A', 'MX1', 'PSMA3', 'NLRC5', 'ATG16L2', 'USP3', 'ATG16L1', 'TSPAN6', 'IFI44L', 'USP18', 'YWHAE', 'Sart1', 'IMPDH2', 'PPP1CA', 'NAP1L1', 'RNF125', 'IFI35', 'G3BP1', 'PCBP2', 'USP21', 'ATG5', 'GOT2', 'RPS16', 'PCBP1', 'UBE2L6', 'HPRT1', 'WDFY3', 'RIOK3', 'HNRNPUL1', 'FADD', 'MAVS', 'ATG10', 'IFI27', 'IFI44', 'TRIM13', 'HERC5', 'DDX60', 'DDX58', 'OTUD5', 'DHX58', 'RSAD2', 'C1QBP', 'AZI2', 'ATG12', 'IFIT1', 'IDE', 'PSMA7', 'ATG7', 'MPZL1', 'XAF1', 'TAGLN2', 'IFIH1', 'ATG3', 'TKFC']",IFIH1,0.0004299145384719649,mcU,20,1,5
58,['SH2B3'],"['SH2D7', 'PLCG2', 'SH2D4A', 'FBLIM1', 'BLK', 'ARHGAP4', 'SAMSN1', 'EPS8L3', 'SHB', 'BAIAP2', 'LMO2', 'SPRY1', 'HSH2D', 'GRAP2', 'SLA', 'ACVRL1', 'EFNA1', 'SHE', 'SASH3', 'LY9', 'RIMBP3C', 'ALOX5', 'PA2G4', 'PATZ1', 'EPS8L2', 'STAC3', 'LCP2', 'SH2D3C', 'SH2D5', 'SPRY2', 'CMIP', 'PIK3C2B', 'DOK2', 'datetime.datetime(2008', 'EPAS1', 'BLNK', 'DOK6', 'KRT17', 'RIMBP3B', 'NRG2', 'NCKIPSD', 'TNS1', 'LAT2', 'LEPR', 'CD44', 'WAS', 'TNS3', 'SHANK2', 'OSTF1', 'ARHGAP24', 'PIK3CG', 'LAT', 'EZR', 'PCDH12', 'MED28', 'RIMBP2', 'FLT3', 'DRD3', 'SH2B3', 'TNS2', 'CD79A', 'HAVCR2', 'MIA2', 'ADAM15', 'SH3RF2', 'DOCK1', 'EPS15', 'FGR', 'RNF41', 'NCF4', 'FCHSD1', 'SH2B2', 'GRAP', 'MYO1E', 'SH2D2A', 'FRS2', 'ROR2', 'ASAP2', 'RIMBP3', 'FILIP1', 'FYB1', 'SH2D4B', 'MERTK', 'CASR', 'SOS2', 'SLA2', 'SWAP70', 'CCNB2', 'TJP1', 'BMX', 'HSPG2']",SH2B3,0.00044624731819686847,mcU,21,1,5
70,['TYK2'],"['SIAH2', 'TIE1', 'PIH1D1', 'GPR156', 'UBE2F', 'SHMT2', 'CDH8', 'RIPK4', 'IFT43', 'LILRB1', 'FHL3', 'CHN1', 'PROSER2', 'SIRPA', 'SMAD9', 'LRP8', 'KHDRBS2', 'CHN2', 'TMCO3', 'ELP2', 'MIER2', 'TESK1', 'LRRC46', 'EFNB2', 'CEP170B', 'SOCS6', 'CCT7', 'IFIT2', 'C16orf71', 'CCT5', 'MAP3K2', 'TXK', 'TK1', 'KRT40', 'SH3BP2', 'AP2M1', 'DNM2', 'GMNN', 'SRMS', 'SIVA1', 'NLGN3', 'BBS9', 'WDR20', 'FCGR2B', 'PMEL', 'CCR5', 'EIF6', 'TEC', 'TNFRSF19', 'IFNA2', 'TNK1', 'MATK', 'LRP1B', 'TYRO3', 'ARHGDIB', 'LNX1', 'TERF2IP', 'LPAR6', 'ZNF333', 'MOV10', 'OTUB1', 'IFI6', 'HOXB7', 'PRAG1', 'IL9R', 'RNF13', 'BCL2L11', 'PILRA', 'LTK', 'IFNA5', 'TYK2', 'CD33', 'NXF1', 'IL15RA', 'TNFRSF13B']",TYK2,0.000300798535628477,mcU,23,1,4
2,['FUT2'],"['HSPC294', 'ZDHHC17', 'FUT2', 'POLR3E']",FUT2,0.0003260360521080141,mcU,24,1,4
